<?xml version="1.0" encoding="UTF-8"?>
<project-private xmlns="http://www.netbeans.org/ns/project-private/1">
    <editor-bookmarks xmlns="http://www.netbeans.org/ns/editor-bookmarks/2" lastBookmarkId="0"/>
    <open-files xmlns="http://www.netbeans.org/ns/projectui-open-files/2">
        <group>
            <file>file:/C:/Users/Lucas%20Gama/Documents/BSI/LP%20II/LPII/SGMC/web/manterPagamento.jsp</file>
            <file>file:/C:/Users/Lucas%20Gama/Documents/BSI/LP%20II/LPII/SGMC/web/manterCliente.jsp</file>
            <file>file:/C:/Users/Lucas%20Gama/Documents/BSI/LP%20II/LPII/SGMC/web/manterOrdemServico.jsp</file>
            <file>file:/C:/Users/Lucas%20Gama/Documents/BSI/LP%20II/LPII/SGMC/web/manterVenda.jsp</file>
            <file>file:/C:/Users/Lucas%20Gama/Documents/BSI/LP%20II/LPII/SGMC/web/manterProduto.jsp</file>
            <file>file:/C:/Users/Lucas%20Gama/Documents/BSI/LP%20II/LPII/SGMC/web/manterFornecedor.jsp</file>
            <file>file:/C:/Users/Lucas%20Gama/Documents/BSI/LP%20II/LPII/SGMC/web/manterColaborador.jsp</file>
        </group>
    </open-files>
</project-private>
